SampleID,Sample,F_reads_name,R_reads_name,,Isolate_ID,Sample common name,Expedition type,Expedition_ID,Sampling Date,Sampling Time,Collection time zone,Expedition station number,"Coordinates, decimal",Location,Biome,Sample type,Host organism,Body site,Host organism picture,"Depth, m","Elevation, m","Temperature, C",Soil type,Soil horizon,pH,"Salinity, ppt","Conductivity, mS/cm","DNA concentration, ng/mkl",Sequencing method,OTU table,Raw sequencing data,Sequencing data MD5 checksum,Source sample ID,Derivative sample ID,Comments,Presence of antimicrobial activity (cell culture),Presence of antimicrobial activity (cell extract),"DNA concentration after 16S PCR (ng/mkL, Qubit)"
14390,S1_bulk1,14390_S120_L001_R1_001.fastq.gz,14390_S120_L001_R2_001.fastq.gz,,,Baikal Soil 1.1 1g Power Soil Pro kit,Terrestrial,28 (Baikal Terrestrial 2023),6/16/2023,,,1,"53.283641 N, 107.57677 E",Olkhon Island,soil,soil,,,,0.20,465.00,14.20,,,,,,11.6,,,,,14250,,,,,
14396,S1_bulk2,14396_S121_L001_R1_001.fastq.gz,14396_S121_L001_R2_001.fastq.gz,,,Baikal Soil 1.7 1g Power Soil Pro kit,Terrestrial,28 (Baikal Terrestrial 2023),6/16/2023,,,1,"53.283994 N, 107.57663 E",Olkhon Island,soil,soil,,,,0.20,465.00,14.20,,,,,,48,,,,,14256,,,,,
14397,S1_bulk3,14397_S122_L001_R1_001.fastq.gz,14397_S122_L001_R2_001.fastq.gz,,,Baikal Soil 1.8 1g Power Soil Pro kit,Terrestrial,28 (Baikal Terrestrial 2023),6/16/2023,,,1,"53.28405 N, 107.576618 E",Olkhon Island,soil,soil,,,,0.20,464.00,14.20,,,,,,31.6,,,,,14257,,,,,
14398,S1_bulk4,14398_S123_L001_R1_001.fastq.gz,14398_S123_L001_R2_001.fastq.gz,,,Baikal Soil 1.9 1g Power Soil Pro kit,Terrestrial,28 (Baikal Terrestrial 2023),6/16/2023,,,1,"53.284121 N, 107.57662 E",Olkhon Island,soil,soil,,,,0.20,464.00,14.20,,,,,,25.8,,,,,14258,,,,,
14399,S1_bulk5,14399_S124_L001_R1_001.fastq.gz,14399_S124_L001_R2_001.fastq.gz,,,Baikal Soil 1.10 1g Power Soil Pro kit,Terrestrial,28 (Baikal Terrestrial 2023),6/16/2023,,,1,"53.28414 N, 107.576568 E",Olkhon Island,soil,soil,,,,0.20,464.00,14.20,,,,,,55.4,,,,,14259,,,,,
14922,S1_bulk6,14922_S219_L001_R1_001.fastq.gz,14922_S219_L001_R2_001.fastq.gz,,,Baikal Soil 1.2 1g Power Soil Pro kit + Evrogen,Terrestrial,28 (Baikal Terrestrial 2023),6/16/2023,,,1,"53.283686 N, 107.576711 E",Olkhon Island,soil,soil,,,,0.20,465.00,14.20,,,,,,7.46,,,,,14391,,,,,
14923,S1_bulk7,14923_S220_L001_R1_001.fastq.gz,14923_S220_L001_R2_001.fastq.gz,,,Baikal Soil 1.3 1g Power Soil Pro kit + Evrogen,Terrestrial,28 (Baikal Terrestrial 2023),6/16/2023,,,1,"53.283804 N, 107.576567 E",Olkhon Island,soil,soil,,,,0.20,466.00,14.20,,,,,,8.32,,,,,14392,,,,,
14924,S1_bulk8,14924_S221_L001_R1_001.fastq.gz,14924_S221_L001_R2_001.fastq.gz,,,Baikal Soil 1.4 1g Power Soil Pro kit + Evrogen,Terrestrial,28 (Baikal Terrestrial 2023),6/16/2023,,,1,"53.283828 N, 107.576677 E",Olkhon Island,soil,soil,,,,0.20,464.00,14.20,,,,,,9.86,,,,,14393,,,,,
14925,S1_bulk9,14925_S222_L001_R1_001.fastq.gz,14925_S222_L001_R2_001.fastq.gz,,,Baikal Soil 1.5 1g Power Soil Pro kit + Evrogen,Terrestrial,28 (Baikal Terrestrial 2023),6/16/2023,,,1,"53.283901 N, 107.576675 E",Olkhon Island,soil,soil,,,,0.20,465.00,14.20,,,,,,8.82,,,,,14394,,,,,
14926,S1_bulk10,14926_S223_L001_R1_001.fastq.gz,14926_S223_L001_R2_001.fastq.gz,,,Baikal Soil 1.6 1g Power Soil Pro kit + Evrogen,Terrestrial,28 (Baikal Terrestrial 2023),6/16/2023,,,1,"53.283948 N, 107.576679 E",Olkhon Island,soil,soil,,,,0.20,465.00,14.20,,,,,,15.8,,,,,14395,,,,,
14400,S1_rAo1,14400_S125_L001_R1_001.fastq.gz,14400_S125_L001_R2_001.fastq.gz,,,Baikal Rhizosphere 1.1 1g Power Soil Pro kit,Terrestrial,28 (Baikal Terrestrial 2023),6/16/2023,,,1,"53.28365 N, 107.576797 E",Olkhon Island,soil,rhizosphere,Astragalus olchonensis,roots,,0.20,465.00,14.20,,,,,,11.1,,,,,14260,,,,,
14401,S1_rAo2,14401_S126_L001_R1_001.fastq.gz,14401_S126_L001_R2_001.fastq.gz,,,Baikal Rhizosphere 1.2 1g Power Soil Pro kit,Terrestrial,28 (Baikal Terrestrial 2023),6/16/2023,,,1,"53.283932 N, 107.57672 E",Olkhon Island,soil,rhizosphere,Astragalus olchonensis,roots,,0.20,466.00,14.20,,,,,,33,,,,,14261,,,,,
14406,S1_rAo3,14406_S127_L001_R1_001.fastq.gz,14406_S127_L001_R2_001.fastq.gz,,,Baikal Rhizosphere 1.7 1g Power Soil Pro kit,Terrestrial,28 (Baikal Terrestrial 2023),6/16/2023,,,1,"53.284106 N, 107.577596 E",Olkhon Island,soil,rhizosphere,Astragalus olchonensis,roots,,0.20,470.00,14.20,,,,,,30.6,,,,,14266,,,,,
14407,S1_rAo4,14407_S128_L001_R1_001.fastq.gz,14407_S128_L001_R2_001.fastq.gz,,,Baikal Rhizosphere 1.8 1g Power Soil Pro kit,Terrestrial,28 (Baikal Terrestrial 2023),6/16/2023,,,1,"53.284107 N, 107.577489 E",Olkhon Island,soil,rhizosphere,Astragalus olchonensis,roots,,0.20,470.00,14.20,,,,,,18.9,,,,,14267,,,,,
14408,S1_rAo5,14408_S129_L001_R1_001.fastq.gz,14408_S129_L001_R2_001.fastq.gz,,,Baikal Rhizosphere 1.9 1g Power Soil Pro kit,Terrestrial,28 (Baikal Terrestrial 2023),6/16/2023,,,1,"53.284069 N, 107.577316 E",Olkhon Island,soil,rhizosphere,Astragalus olchonensis,roots,,0.20,469.00,14.20,,,,,,20,,,,,14268,,,,,
14409,S1_rAo6,14409_S130_L001_R1_001.fastq.gz,14409_S130_L001_R2_001.fastq.gz,,,Baikal Rhizosphere 1.10 1g Power Soil Pro kit,Terrestrial,28 (Baikal Terrestrial 2023),6/16/2023,,,1,"53.283719 N, 107.577013 E",Olkhon Island,soil,rhizosphere,Astragalus olchonensis,roots,,0.20,466.00,14.20,,,,,,21.6,,,,,14269,,,,,
14927,S1_rAo7,14927_S224_L001_R1_001.fastq.gz,14927_S224_L001_R2_001.fastq.gz,,,Baikal Rhizosphere 1.3 1g Power Soil Pro kit + Evrogen,Terrestrial,28 (Baikal Terrestrial 2023),6/16/2023,,,1,"53.284124 N, 107.576628 E",Olkhon Island,soil,rhizosphere,Astragalus olchonensis,roots,,0.20,465.00,14.20,,,,,,8.52,,,,,14402,,,,,
14928,S1_rAo8,14928_S225_L001_R1_001.fastq.gz,14928_S225_L001_R2_001.fastq.gz,,,Baikal Rhizosphere 1.4 1g Power Soil Pro kit + Evrogen,Terrestrial,28 (Baikal Terrestrial 2023),6/16/2023,,,1,"53.284159 N, 107.576644 E",Olkhon Island,soil,rhizosphere,Astragalus olchonensis,roots,,0.20,465.00,14.20,,,,,,17.3,,,,,14403,,,,,
14929,S1_rAo9,14929_S226_L001_R1_001.fastq.gz,14929_S226_L001_R2_001.fastq.gz,,,Baikal Rhizosphere 1.5 1g Power Soil Pro kit + Evrogen,Terrestrial,28 (Baikal Terrestrial 2023),6/16/2023,,,1,"53.284148 N, 107.577116 E",Olkhon Island,soil,rhizosphere,Astragalus olchonensis,roots,,0.20,465.00,14.20,,,,,,17.1,,,,,14404,,,,,
14930,S1_rAo10,14930_S227_L001_R1_001.fastq.gz,14930_S227_L001_R2_001.fastq.gz,,,Baikal Rhizosphere 1.6 1g Power Soil Pro kit + Evrogen,Terrestrial,28 (Baikal Terrestrial 2023),6/16/2023,,,1,"53.284165 N, 107.577456 E",Olkhon Island,soil,rhizosphere,Astragalus olchonensis,roots,,0.20,468.00,14.20,,,,,,12.8,,,,,14405,,,,,
14410,S2_bulk1,14410_S131_L001_R1_001.fastq.gz,14410_S131_L001_R2_001.fastq.gz,,,Baikal Soil 2.1 1g Power Soil Pro kit,Terrestrial,28 (Baikal Terrestrial 2023),6/16/2023,,,2,"53.045179 N, 107.068574 E",Olkhon Island,soil,soil,,,,0.20,501.00,22.30,,,,,,408,,,,,14270,,,,,
14415,S2_bulk2,14415_S132_L001_R1_001.fastq.gz,14415_S132_L001_R2_001.fastq.gz,,,Baikal Soil 2.6 1g Power Soil Pro kit,Terrestrial,28 (Baikal Terrestrial 2023),6/16/2023,,,2,"53.044181 N, 107.068812 E",Olkhon Island,soil,soil,,,,0.20,489.00,22.30,,,,,,356,,,,,14275,,,,,
14416,S2_bulk3,14416_S133_L001_R1_001.fastq.gz,14416_S133_L001_R2_001.fastq.gz,,,Baikal Soil 2.7 1g Power Soil Pro kit,Terrestrial,28 (Baikal Terrestrial 2023),6/16/2023,,,2,"53.044119 N, 107.068821 E",Olkhon Island,soil,soil,,,,0.20,488.00,22.30,,,,,,169,,,,,14276,,,,,
14417,S2_bulk4,14417_S134_L001_R1_001.fastq.gz,14417_S134_L001_R2_001.fastq.gz,,,Baikal Soil 2.8 1g Power Soil Pro kit,Terrestrial,28 (Baikal Terrestrial 2023),6/16/2023,,,2,"53.044088 N, 107.068835 E",Olkhon Island,soil,soil,,,,0.20,488.00,22.30,,,,,,274,,,,,14277,,,,,
14418,S2_bulk5,14418_S135_L001_R1_001.fastq.gz,14418_S135_L001_R2_001.fastq.gz,,,Baikal Soil 2.9 1g Power Soil Pro kit,Terrestrial,28 (Baikal Terrestrial 2023),6/16/2023,,,2,"53.044801 N, 107.068726 E",Olkhon Island,soil,soil,,,,0.20,496.00,22.30,,,,,,214,,,,,14278,,,,,
14931,S2_bulk6,14931_S228_L001_R1_001.fastq.gz,14931_S228_L001_R2_001.fastq.gz,,,Baikal Soil 2.2 1g Power Soil Pro kit + Evrogen,Terrestrial,28 (Baikal Terrestrial 2023),6/16/2023,,,2,"53.044576 N, 107.068736 E",Olkhon Island,soil,soil,,,,0.20,493.00,22.30,,,,,,5.64,,,,,14411,,,,,
14932,S2_bulk7,14932_S229_L001_R1_001.fastq.gz,14932_S229_L001_R2_001.fastq.gz,,,Baikal Soil 2.3 1g Power Soil Pro kit + Evrogen,Terrestrial,28 (Baikal Terrestrial 2023),6/16/2023,,,2,"53.044502 N, 107.068713 E",Olkhon Island,soil,soil,,,,0.20,492.00,22.30,,,,,,55.4,,,,,14412,,,,,
14933,S2_bulk8,14933_S230_L001_R1_001.fastq.gz,14933_S230_L001_R2_001.fastq.gz,,,Baikal Soil 2.4 1g Power Soil Pro kit + Evrogen,Terrestrial,28 (Baikal Terrestrial 2023),6/16/2023,,,2,"53.044445 N, 107.068774 E",Olkhon Island,soil,soil,,,,0.20,492.00,22.30,,,,,,20.8,,,,,14413,,,,,
14934,S2_bulk9,14934_S231_L001_R1_001.fastq.gz,14934_S231_L001_R2_001.fastq.gz,,,Baikal Soil 2.5 1g Power Soil Pro kit + Evrogen,Terrestrial,28 (Baikal Terrestrial 2023),6/16/2023,,,2,"53.044385 N, 107.068784 E",Olkhon Island,soil,soil,,,,0.20,491.00,22.30,,,,,,25.4,,,,,14414,,,,,
14935,S2_bulk10,14935_S232_L001_R1_001.fastq.gz,14935_S232_L001_R2_001.fastq.gz,,,Baikal Soil 2.10 1g Power Soil Pro kit + Evrogen,Terrestrial,28 (Baikal Terrestrial 2023),6/16/2023,,,2,"53.044819 N, 107.06871 E",Olkhon Island,soil,soil,,,,0.20,496.00,22.30,,,,,,26.2,,,,,14419,,,,,
14420,S2_rVo1,14420_S136_L001_R1_001.fastq.gz,14420_S136_L001_R2_001.fastq.gz,,,Baikal Rhizosphere 2.1 1g Power Soil Pro kit,Terrestrial,28 (Baikal Terrestrial 2023),6/16/2023,,,2,"53.045185 N, 107.068597 E",Olkhon Island,soil,rhizosphere,Vicia olchonensis,roots,,0.20,502.00,22.30,,,,,,470,,,,,14280,,,,,
14421,S2_rVo2,14421_S137_L001_R1_001.fastq.gz,14421_S137_L001_R2_001.fastq.gz,,,Baikal Rhizosphere 2.2 1g Power Soil Pro kit,Terrestrial,28 (Baikal Terrestrial 2023),6/16/2023,,,2,"53.044716 N, 107.068718 E",Olkhon Island,soil,rhizosphere,Vicia olchonensis,roots,,0.20,494.00,22.30,,,,,,168,,,,,14281,,,,,
14425,S2_rVo3,14425_S138_L001_R1_001.fastq.gz,14425_S138_L001_R2_001.fastq.gz,,,Baikal Rhizosphere 2.6 1g Power Soil Pro kit,Terrestrial,28 (Baikal Terrestrial 2023),6/16/2023,,,2,"53.044222 N, 107.068748 E",Olkhon Island,soil,rhizosphere,Vicia olchonensis,roots,,0.20,489.00,22.30,,,,,,244,,,,,14285,,,,,
14426,S2_rVo4,14426_S139_L001_R1_001.fastq.gz,14426_S139_L001_R2_001.fastq.gz,,,Baikal Rhizosphere 2.7 1g Power Soil Pro kit,Terrestrial,28 (Baikal Terrestrial 2023),6/16/2023,,,2,"53.04424 N, 107.068737 E",Olkhon Island,soil,rhizosphere,Vicia olchonensis,roots,,0.20,489.00,22.30,,,,,,306,,,,,14286,,,,,
14427,S2_rVo5,14427_S140_L001_R1_001.fastq.gz,14427_S140_L001_R2_001.fastq.gz,,,Baikal Rhizosphere 2.8 1g Power Soil Pro kit,Terrestrial,28 (Baikal Terrestrial 2023),6/16/2023,,,2,"53.043986 N, 107.068897 E",Olkhon Island,soil,rhizosphere,Vicia olchonensis,roots,,0.20,487.00,22.30,,,,,,270,,,,,14287,,,,,
14428,S2_rVo6,14428_S141_L001_R1_001.fastq.gz,14428_S141_L001_R2_001.fastq.gz,,,Baikal Rhizosphere 2.9 1g Power Soil Pro kit,Terrestrial,28 (Baikal Terrestrial 2023),6/16/2023,,,2,"53.043962 N, 107.068906 E",Olkhon Island,soil,rhizosphere,Vicia olchonensis,roots,,0.20,487.00,22.30,,,,,,416,,,,,14288,,,,,
14429,S2_rVo7,14429_S142_L001_R1_001.fastq.gz,14429_S142_L001_R2_001.fastq.gz,,,Baikal Rhizosphere 2.10 1g Power Soil Pro kit,Terrestrial,28 (Baikal Terrestrial 2023),6/16/2023,,,2,"53.044571 N, 107.068744 E",Olkhon Island,soil,rhizosphere,Vicia olchonensis,roots,,0.20,493.00,22.30,,,,,,164,,,,,14289,,,,,
14936,S2_rVo8,14936_S233_L001_R1_001.fastq.gz,14936_S233_L001_R2_001.fastq.gz,,,Baikal Rhizosphere 2.3 1g Power Soil Pro kit + Evrogen,Terrestrial,28 (Baikal Terrestrial 2023),6/16/2023,,,2,"53.044706 N, 107.068739 E",Olkhon Island,soil,rhizosphere,Vicia olchonensis,roots,,0.20,495.00,22.30,,,,,,12.1,,,,,14422,,,,,
14937,S2_rVo9,14937_S234_L001_R1_001.fastq.gz,14937_S234_L001_R2_001.fastq.gz,,,Baikal Rhizosphere 2.4 1g Power Soil Pro kit + Evrogen,Terrestrial,28 (Baikal Terrestrial 2023),6/16/2023,,,2,"53.044708 N, 107.068713 E",Olkhon Island,soil,rhizosphere,Vicia olchonensis,roots,,0.20,495.00,22.30,,,,,,21.8,,,,,14423,,,,,
14938,S2_rVo10,14938_S235_L001_R1_001.fastq.gz,14938_S235_L001_R2_001.fastq.gz,,,Baikal Rhizosphere 2.5 1g Power Soil Pro kit + Evrogen,Terrestrial,28 (Baikal Terrestrial 2023),6/16/2023,,,2,"53.044648 N, 107.068742 E",Olkhon Island,soil,rhizosphere,Vicia olchonensis,roots,,0.20,494.00,22.30,,,,,,29.6,,,,,14424,,,,,
14430,,14430_S143_L001_R1_001.fastq.gz,14430_S143_L001_R2_001.fastq.gz,,,Baikal Soil 3.1 1g Power Soil Pro kit,Terrestrial,28 (Baikal Terrestrial 2023),6/17/2023,,,3,"53.386356 N, 107.391242 E",Baikal Lake,soil,soil,,,,0.20,461.00,15.60,,,,,,494,,,,,14290,,,,,
14431,,14431_S144_L001_R1_001.fastq.gz,14431_S144_L001_R2_001.fastq.gz,,,Baikal Soil 3.2 1g Power Soil Pro kit,Terrestrial,28 (Baikal Terrestrial 2023),6/17/2023,,,3,"53.386299 N, 107.39131 E",Baikal Lake,soil,soil,,,,0.20,460.00,15.60,,,,,,548,,,,,14291,,,,,
14432,,14432_S145_L001_R1_001.fastq.gz,14432_S145_L001_R2_001.fastq.gz,,,Baikal Soil 3.3 1g Power Soil Pro kit,Terrestrial,28 (Baikal Terrestrial 2023),6/17/2023,,,3,"53.386393 N, 107.391131 E",Baikal Lake,soil,soil,,,,0.20,461.00,15.60,,,,,,292,,,,,14292,,,,,
14433,,14433_S146_L001_R1_001.fastq.gz,14433_S146_L001_R2_001.fastq.gz,,,Baikal Soil 3.4 1g Power Soil Pro kit,Terrestrial,28 (Baikal Terrestrial 2023),6/17/2023,,,3,"53.386428 N, 107.391257 E",Baikal Lake,soil,soil,,,,0.20,462.00,15.60,,,,,,534,,,,,14293,,,,,
14434,,14434_S147_L001_R1_001.fastq.gz,14434_S147_L001_R2_001.fastq.gz,,,Baikal Soil 3.5 1g Power Soil Pro kit,Terrestrial,28 (Baikal Terrestrial 2023),6/17/2023,,,3,"53.386495 N, 107.391333 E",Baikal Lake,soil,soil,,,,0.20,463.00,15.60,,,,,,448,,,,,14294,,,,,
14435,,14435_S148_L001_R1_001.fastq.gz,14435_S148_L001_R2_001.fastq.gz,,,Baikal Soil 3.6 1g Power Soil Pro kit,Terrestrial,28 (Baikal Terrestrial 2023),6/17/2023,,,3,"53.386589 N, 107.39133 E",Baikal Lake,soil,soil,,,,0.20,465.00,15.60,,,,,,486,,,,,14295,,,,,
14436,,14436_S149_L001_R1_001.fastq.gz,14436_S149_L001_R2_001.fastq.gz,,,Baikal Soil 3.7 1g Power Soil Pro kit,Terrestrial,28 (Baikal Terrestrial 2023),6/17/2023,,,3,"53.386514 N, 107.391561 E",Baikal Lake,soil,soil,,,,0.20,463.00,15.60,,,,,,400,,,,,14296,,,,,
14437,,14437_S150_L001_R1_001.fastq.gz,14437_S150_L001_R2_001.fastq.gz,,,Baikal Soil 3.8 1g Power Soil Pro kit,Terrestrial,28 (Baikal Terrestrial 2023),6/17/2023,,,3,"53.386476 N, 107.391644 E",Baikal Lake,soil,soil,,,,0.20,463.00,15.60,,,,,,510,,,,,14297,,,,,
14438,,14438_S151_L001_R1_001.fastq.gz,14438_S151_L001_R2_001.fastq.gz,,,Baikal Soil 3.9 1g Power Soil Pro kit,Terrestrial,28 (Baikal Terrestrial 2023),6/17/2023,,,3,"53.386422 N, 107.391666 E",Baikal Lake,soil,soil,,,,0.20,462.00,15.60,,,,,,368,,,,,14298,,,,,
14439,,14439_S152_L001_R1_001.fastq.gz,14439_S152_L001_R2_001.fastq.gz,,,Baikal Soil 3.10 1g Power Soil Pro kit,Terrestrial,28 (Baikal Terrestrial 2023),6/17/2023,,,3,"53.386328 N, 107.391623 E",Baikal Lake,soil,soil,,,,0.20,461.00,15.60,,,,,,426,,,,,14299,,,,,
14440,,14440_S153_L001_R1_001.fastq.gz,14440_S153_L001_R2_001.fastq.gz,,,Baikal Rhizosphere 3.1 1g Power Soil Pro kit,Terrestrial,28 (Baikal Terrestrial 2023),6/17/2023,,,3,"53.386333 N, 107.391398 E",Baikal Lake,soil,rhizosphere,Hedysarum zundukii,roots,,0.20,460.00,15.60,,,,,,432,,,,,14300,,,,,
14441,,14441_S154_L001_R1_001.fastq.gz,14441_S154_L001_R2_001.fastq.gz,,,Baikal Rhizosphere 3.2 1g Power Soil Pro kit,Terrestrial,28 (Baikal Terrestrial 2023),6/17/2023,,,3,"53.386287 N, 107.391388 E",Baikal Lake,soil,rhizosphere,Hedysarum zundukii,roots,,0.20,460.00,15.60,,,,,,494,,,,,14301,,,,,
14442,,14442_S155_L001_R1_001.fastq.gz,14442_S155_L001_R2_001.fastq.gz,,,Baikal Rhizosphere 3.3 1g Power Soil Pro kit,Terrestrial,28 (Baikal Terrestrial 2023),6/17/2023,,,3,"53.386303 N, 107.391339 E",Baikal Lake,soil,rhizosphere,Hedysarum zundukii,roots,,0.20,460.00,15.60,,,,,,670,,,,,14302,,,,,
14445,,14445_S156_L001_R1_001.fastq.gz,14445_S156_L001_R2_001.fastq.gz,,,Baikal Rhizosphere 3.6 1g Power Soil Pro kit,Terrestrial,28 (Baikal Terrestrial 2023),6/17/2023,,,3,"53.386331 N, 107.390983 E",Baikal Lake,soil,rhizosphere,Hedysarum zundukii,roots,,0.20,458.00,15.60,,,,,,488,,,,,14305,,,,,
14446,,14446_S157_L001_R1_001.fastq.gz,14446_S157_L001_R2_001.fastq.gz,,,Baikal Rhizosphere 3.7 1g Power Soil Pro kit,Terrestrial,28 (Baikal Terrestrial 2023),6/17/2023,,,3,"53.386354 N, 107.390744 E",Baikal Lake,soil,rhizosphere,Hedysarum zundukii,roots,,0.20,461.00,15.60,,,,,,490,,,,,14306,,,,,
14447,,14447_S158_L001_R1_001.fastq.gz,14447_S158_L001_R2_001.fastq.gz,,,Baikal Rhizosphere 3.8 1g Power Soil Pro kit,Terrestrial,28 (Baikal Terrestrial 2023),6/17/2023,,,3,"53.38638 N, 107.390688 E",Baikal Lake,soil,rhizosphere,Hedysarum zundukii,roots,,0.20,461.00,15.60,,,,,,206,,,,,14307,,,,,
14448,,14448_S159_L001_R1_001.fastq.gz,14448_S159_L001_R2_001.fastq.gz,,,Baikal Rhizosphere 3.9 1g Power Soil Pro kit,Terrestrial,28 (Baikal Terrestrial 2023),6/17/2023,,,3,"53.38635 N, 107.39059 E",Baikal Lake,soil,rhizosphere,Hedysarum zundukii,roots,,0.20,462.00,15.60,,,,,,272,,,,,14308,,,,,
14939,,14939_S236_L001_R1_001.fastq.gz,14939_S236_L001_R2_001.fastq.gz,,,Baikal Rhizosphere 3.4 1g Power Soil Pro kit + Evrogen,Terrestrial,28 (Baikal Terrestrial 2023),6/17/2023,,,3,"53.386303 N, 107.39123 E",Baikal Lake,soil,rhizosphere,Hedysarum zundukii,roots,,0.20,459.00,15.60,,,,,,25,,,,,14443,,,,,
14940,,14940_S237_L001_R1_001.fastq.gz,14940_S237_L001_R2_001.fastq.gz,,,Baikal Rhizosphere 3.5 1g Power Soil Pro kit + Evrogen,Terrestrial,28 (Baikal Terrestrial 2023),6/17/2023,,,3,"53.386303 N, 107.391114 E",Baikal Lake,soil,rhizosphere,Hedysarum zundukii,roots,,0.20,459.00,15.60,,,,,,13.9,,,,,14444,,,,,
14941,,14941_S238_L001_R1_001.fastq.gz,14941_S238_L001_R2_001.fastq.gz,,,Baikal Rhizosphere 3.10 1g Power Soil Pro kit + Evrogen,Terrestrial,28 (Baikal Terrestrial 2023),6/17/2023,,,3,"53.386398 N, 107.390278 E",Baikal Lake,soil,rhizosphere,Hedysarum zundukii,roots,,0.20,464.00,15.60,,,,,,37.6,,,,,14449,,,,,
14450,,14450_S160_L001_R1_001.fastq.gz,14450_S160_L001_R2_001.fastq.gz,,,Baikal Soil 4.1 1g Power Soil Pro kit,Terrestrial,28 (Baikal Terrestrial 2023),6/17/2023,,,4,"53.395813 N, 107.41214 E",Baikal Lake,soil,soil,,,,0.20,487.00,15.00,,,,,,526,,,,,14310,,,,,
14451,,14451_S161_L001_R1_001.fastq.gz,14451_S161_L001_R2_001.fastq.gz,,,Baikal Soil 4.2 1g Power Soil Pro kit,Terrestrial,28 (Baikal Terrestrial 2023),6/17/2023,,,4,"53.395844 N, 107.412028 E",Baikal Lake,soil,soil,,,,0.20,487.00,15.00,,,,,,550,,,,,14311,,,,,
14453,,14453_S162_L001_R1_001.fastq.gz,14453_S162_L001_R2_001.fastq.gz,,,Baikal Soil 4.4 1g Power Soil Pro kit,Terrestrial,28 (Baikal Terrestrial 2023),6/17/2023,,,4,"53.395923 N, 107.411898 E",Baikal Lake,soil,soil,,,,0.20,491.00,15.00,,,,,,544,,,,,14313,,,,,
14455,,14455_S163_L001_R1_001.fastq.gz,14455_S163_L001_R2_001.fastq.gz,,,Baikal Soil 4.6 1g Power Soil Pro kit,Terrestrial,28 (Baikal Terrestrial 2023),6/17/2023,,,4,"53.395849 N, 107.411621 E",Baikal Lake,soil,soil,,,,0.20,491.00,15.00,,,,,,676,,,,,14315,,,,,
14456,,14456_S164_L001_R1_001.fastq.gz,14456_S164_L001_R2_001.fastq.gz,,,Baikal Soil 4.7 1g Power Soil Pro kit,Terrestrial,28 (Baikal Terrestrial 2023),6/17/2023,,,4,"53.395949 N, 107.411526 E",Baikal Lake,soil,soil,,,,0.20,491.00,15.00,,,,,,566,,,,,14316,,,,,
14458,,14458_S165_L001_R1_001.fastq.gz,14458_S165_L001_R2_001.fastq.gz,,,Baikal Soil 4.9 1g Power Soil Pro kit,Terrestrial,28 (Baikal Terrestrial 2023),6/17/2023,,,4,"53.396092 N, 107.411484 E",Baikal Lake,soil,soil,,,,0.20,493.00,15.00,,,,,,538,,,,,14318,,,,,
14459,,14459_S166_L001_R1_001.fastq.gz,14459_S166_L001_R2_001.fastq.gz,,,Baikal Soil 4.10 1g Power Soil Pro kit,Terrestrial,28 (Baikal Terrestrial 2023),6/17/2023,,,4,"53.396099 N, 107.411611 E",Baikal Lake,soil,soil,,,,0.20,495.00,15.00,,,,,,488,,,,,14319,,,,,
14942,,14942_S239_L001_R1_001.fastq.gz,14942_S239_L001_R2_001.fastq.gz,,,Baikal Soil 4.3 1g Power Soil Pro kit + Evrogen,Terrestrial,28 (Baikal Terrestrial 2023),6/17/2023,,,4,"53.395872 N, 107.411846 E",Baikal Lake,soil,soil,,,,0.20,488.00,15.00,,,,,,21.4,,,,,14452,,,,,
14943,,14943_S240_L001_R1_001.fastq.gz,14943_S240_L001_R2_001.fastq.gz,,,Baikal Soil 4.5 1g Power Soil Pro kit + Evrogen,Terrestrial,28 (Baikal Terrestrial 2023),6/17/2023,,,4,"53.3959 N, 107.411673 E",Baikal Lake,soil,soil,,,,0.20,490.00,15.00,,,,,,47.2,,,,,14454,,,,,
14944,,14944_S241_L001_R1_001.fastq.gz,14944_S241_L001_R2_001.fastq.gz,,,Baikal Soil 4.8 1g Power Soil Pro kit + Evrogen,Terrestrial,28 (Baikal Terrestrial 2023),6/17/2023,,,4,"53.395988 N, 107.411505 E",Baikal Lake,soil,soil,,,,0.20,492.00,15.00,,,,,,88.6,,,,,14457,,,,,
14652,,14652_S167_L001_R1_001.fastq.gz,14652_S167_L001_R2_001.fastq.gz,,,Baikal Rhizosphere 4.1.1 1g Power Soil Pro kit,Terrestrial,28 (Baikal Terrestrial 2023),6/17/2023,,,4,"53.396056 N, 107.411644 E",Baikal Lake,soil,rhizosphere,Oxytropis triphylla,roots,,0.20,494.00,15.00,,,,,,444,,,,,14320,,,,,
14653,,14653_S168_L001_R1_001.fastq.gz,14653_S168_L001_R2_001.fastq.gz,,,Baikal Rhizosphere 4.1.2 1g Power Soil Pro kit,Terrestrial,28 (Baikal Terrestrial 2023),6/17/2023,,,4,"53.396006 N, 107.412082 E",Baikal Lake,soil,rhizosphere,Oxytropis triphylla,roots,,0.20,492.00,15.00,,,,,,123,,,,,14321,,,,,
14654,,14654_S169_L001_R1_001.fastq.gz,14654_S169_L001_R2_001.fastq.gz,,,Baikal Rhizosphere 4.1.3 1g Power Soil Pro kit,Terrestrial,28 (Baikal Terrestrial 2023),6/17/2023,,,4,"53.396003 N, 107.412051 E",Baikal Lake,soil,rhizosphere,Oxytropis triphylla,roots,,0.20,492.00,15.00,,,,,,210,,,,,14322,,,,,
14655,,14655_S170_L001_R1_001.fastq.gz,14655_S170_L001_R2_001.fastq.gz,,,Baikal Rhizosphere 4.1.4 1g Power Soil Pro kit,Terrestrial,28 (Baikal Terrestrial 2023),6/17/2023,,,4,"53.395998 N, 107.411966 E",Baikal Lake,soil,rhizosphere,Oxytropis triphylla,roots,,0.20,490.00,15.00,,,,,,380,,,,,14323,,,,,
14656,,14656_S171_L001_R1_001.fastq.gz,14656_S171_L001_R2_001.fastq.gz,,,Baikal Rhizosphere 4.1.5 1g Power Soil Pro kit,Terrestrial,28 (Baikal Terrestrial 2023),6/17/2023,,,4,"53.39593 N, 107.412017 E",Baikal Lake,soil,rhizosphere,Oxytropis triphylla,roots,,0.20,489.00,15.00,,,,,,602,,,,,14324,,,,,
14657,,14657_S172_L001_R1_001.fastq.gz,14657_S172_L001_R2_001.fastq.gz,,,Baikal Rhizosphere 4.1.6 1g Power Soil Pro kit,Terrestrial,28 (Baikal Terrestrial 2023),6/17/2023,,,4,"53.39596 N, 107.411987 E",Baikal Lake,soil,rhizosphere,Oxytropis triphylla,roots,,0.20,490.00,15.00,,,,,,550,,,,,14325,,,,,
14658,,14658_S173_L001_R1_001.fastq.gz,14658_S173_L001_R2_001.fastq.gz,,,Baikal Rhizosphere 4.1.7 1g Power Soil Pro kit,Terrestrial,28 (Baikal Terrestrial 2023),6/17/2023,,,4,"53.395922 N, 107.411973 E",Baikal Lake,soil,rhizosphere,Oxytropis triphylla,roots,,0.20,489.00,15.00,,,,,,566,,,,,14326,,,,,
14659,,14659_S174_L001_R1_001.fastq.gz,14659_S174_L001_R2_001.fastq.gz,,,Baikal Rhizosphere 4.1.8 1g Power Soil Pro kit,Terrestrial,28 (Baikal Terrestrial 2023),6/17/2023,,,4,"53.395945 N, 107.411965 E",Baikal Lake,soil,rhizosphere,Oxytropis triphylla,roots,,0.20,488.00,15.00,,,,,,622,,,,,14327,,,,,
14660,,14660_S175_L001_R1_001.fastq.gz,14660_S175_L001_R2_001.fastq.gz,,,Baikal Rhizosphere 4.1.9 1g Power Soil Pro kit,Terrestrial,28 (Baikal Terrestrial 2023),6/17/2023,,,4,"53.395888 N, 107.412354 E",Baikal Lake,soil,rhizosphere,Oxytropis triphylla,roots,,0.20,488.00,15.00,,,,,,234,,,,,14328,,,,,
14661,,14661_S176_L001_R1_001.fastq.gz,14661_S176_L001_R2_001.fastq.gz,,,Baikal Rhizosphere 4.1.10 1g Power Soil Pro kit,Terrestrial,28 (Baikal Terrestrial 2023),6/17/2023,,,4,"53.395875 N, 107.412415 E",Baikal Lake,soil,rhizosphere,Oxytropis triphylla,roots,,0.20,489.00,15.00,,,,,,214,,,,,14329,,,,,
14662,,14662_S177_L001_R1_001.fastq.gz,14662_S177_L001_R2_001.fastq.gz,,,Baikal Rhizosphere 4.2.1 1g Power Soil Pro kit,Terrestrial,28 (Baikal Terrestrial 2023),6/17/2023,,,4,"53.396016 N, 107.411607 E",Baikal Lake,soil,rhizosphere,Astragalus chorinensis,roots,,0.20,494.00,15.00,,,,,,598,,,,,14330,,,,,
14663,,14663_S178_L001_R1_001.fastq.gz,14663_S178_L001_R2_001.fastq.gz,,,Baikal Rhizosphere 4.2.2 1g Power Soil Pro kit,Terrestrial,28 (Baikal Terrestrial 2023),6/17/2023,,,4,"53.395861 N, 107.412097 E",Baikal Lake,soil,rhizosphere,Astragalus chorinensis,roots,,0.20,488.00,15.00,,,,,,354,,,,,14331,,,,,
14664,,14664_S179_L001_R1_001.fastq.gz,14664_S179_L001_R2_001.fastq.gz,,,Baikal Rhizosphere 4.2.3 1g Power Soil Pro kit,Terrestrial,28 (Baikal Terrestrial 2023),6/17/2023,,,4,"53.395889 N, 107.41219 E",Baikal Lake,soil,rhizosphere,Astragalus chorinensis,roots,,0.20,490.00,15.00,,,,,,506,,,,,14332,,,,,
14666,,14666_S180_L001_R1_001.fastq.gz,14666_S180_L001_R2_001.fastq.gz,,,Baikal Rhizosphere 4.2.5 1g Power Soil Pro kit,Terrestrial,28 (Baikal Terrestrial 2023),6/17/2023,,,4,"53.395979 N, 107.41204 E",Baikal Lake,soil,rhizosphere,Astragalus chorinensis,roots,,0.20,491.00,15.00,,,,,,340,,,,,14334,,,,,
14667,,14667_S181_L001_R1_001.fastq.gz,14667_S181_L001_R2_001.fastq.gz,,,Baikal Rhizosphere 4.2.6 1g Power Soil Pro kit,Terrestrial,28 (Baikal Terrestrial 2023),6/17/2023,,,4,"53.395993 N, 107.412043 E",Baikal Lake,soil,rhizosphere,Astragalus chorinensis,roots,,0.20,492.00,15.00,,,,,,470,,,,,14335,,,,,
14668,,14668_S182_L001_R1_001.fastq.gz,14668_S182_L001_R2_001.fastq.gz,,,Baikal Rhizosphere 4.2.7 1g Power Soil Pro kit,Terrestrial,28 (Baikal Terrestrial 2023),6/17/2023,,,4,"53.396015 N, 107.412038 E",Baikal Lake,soil,rhizosphere,Astragalus chorinensis,roots,,0.20,492.00,15.00,,,,,,280,,,,,14336,,,,,
14669,,14669_S183_L001_R1_001.fastq.gz,14669_S183_L001_R2_001.fastq.gz,,,Baikal Rhizosphere 4.2.8 1g Power Soil Pro kit,Terrestrial,28 (Baikal Terrestrial 2023),6/17/2023,,,4,"53.396014 N, 107.412058 E",Baikal Lake,soil,rhizosphere,Astragalus chorinensis,roots,,0.20,494.00,15.00,,,,,,434,,,,,14337,,,,,
14670,,14670_S184_L001_R1_001.fastq.gz,14670_S184_L001_R2_001.fastq.gz,,,Baikal Rhizosphere 4.2.9 1g Power Soil Pro kit,Terrestrial,28 (Baikal Terrestrial 2023),6/17/2023,,,4,"53.396016 N, 107.412082 E",Baikal Lake,soil,rhizosphere,Astragalus chorinensis,roots,,0.20,493.00,15.00,,,,,,322,,,,,14338,,,,,
14945,,14945_S242_L001_R1_001.fastq.gz,14945_S242_L001_R2_001.fastq.gz,,,Baikal Rhizosphere 4.2.4 1g Power Soil Pro kit + Evrogen,Terrestrial,28 (Baikal Terrestrial 2023),6/17/2023,,,4,"53.395949 N, 107.412048 E",Baikal Lake,soil,rhizosphere,Astragalus chorinensis,roots,,0.20,492.00,15.00,,,,,,8.68,,,,,14665,,,,,
14946,,14946_S243_L001_R1_001.fastq.gz,14946_S243_L001_R2_001.fastq.gz,,,Baikal Rhizosphere 4.2.10 1g Power Soil Pro kit + Evrogen,Terrestrial,28 (Baikal Terrestrial 2023),6/17/2023,,,4,"53.39598 N, 107.41217 E",Baikal Lake,soil,rhizosphere,Astragalus chorinensis,roots,,0.20,493.00,15.00,,,,,,47,,,,,14671,,,,,
14672,,14672_S185_L001_R1_001.fastq.gz,14672_S185_L001_R2_001.fastq.gz,,,Baikal Soil 5.1 1g Power Soil Pro kit,Terrestrial,28 (Baikal Terrestrial 2023),6/17/2023,,,5,"53.338922 N, 107.274579 E",Baikal Lake,soil,soil,,,,0.20,481.00,16.60,,,,,,202,,,,,14340,,,,,
14673,,14673_S186_L001_R1_001.fastq.gz,14673_S186_L001_R2_001.fastq.gz,,,Baikal Soil 5.2 1g Power Soil Pro kit,Terrestrial,28 (Baikal Terrestrial 2023),6/17/2023,,,5,"53.338947 N, 107.274443 E",Baikal Lake,soil,soil,,,,0.20,483.00,16.60,,,,,,212,,,,,14341,,,,,
14675,,14675_S187_L001_R1_001.fastq.gz,14675_S187_L001_R2_001.fastq.gz,,,Baikal Soil 5.4 1g Power Soil Pro kit,Terrestrial,28 (Baikal Terrestrial 2023),6/17/2023,,,5,"53.338785 N, 107.274739 E",Baikal Lake,soil,soil,,,,0.20,483.00,16.60,,,,,,404,,,,,14343,,,,,
14676,,14676_S188_L001_R1_001.fastq.gz,14676_S188_L001_R2_001.fastq.gz,,,Baikal Soil 5.5 1g Power Soil Pro kit,Terrestrial,28 (Baikal Terrestrial 2023),6/17/2023,,,5,"53.338719 N, 107.274741 E",Baikal Lake,soil,soil,,,,0.20,481.00,16.60,,,,,,326,,,,,14344,,,,,
14678,,14678_S189_L001_R1_001.fastq.gz,14678_S189_L001_R2_001.fastq.gz,,,Baikal Soil 5.7 1g Power Soil Pro kit,Terrestrial,28 (Baikal Terrestrial 2023),6/17/2023,,,5,"53.338635 N, 107.274811 E",Baikal Lake,soil,soil,,,,0.20,481.00,16.60,,,,,,198,,,,,14346,,,,,
14679,,14679_S190_L001_R1_001.fastq.gz,14679_S190_L001_R2_001.fastq.gz,,,Baikal Soil 5.8 1g Power Soil Pro kit,Terrestrial,28 (Baikal Terrestrial 2023),6/17/2023,,,5,"53.338592 N, 107.274717 E",Baikal Lake,soil,soil,,,,0.20,480.00,16.60,,,,,,314,,,,,14347,,,,,
14947,,14947_S244_L001_R1_001.fastq.gz,14947_S244_L001_R2_001.fastq.gz,,,Baikal Soil 5.3 1g Power Soil Pro kit + Evrogen,Terrestrial,28 (Baikal Terrestrial 2023),6/17/2023,,,5,"53.338745 N, 107.274665 E",Baikal Lake,soil,soil,,,,0.20,482.00,16.60,,,,,,6.92,,,,,14674,,,,,
14948,,14948_S245_L001_R1_001.fastq.gz,14948_S245_L001_R2_001.fastq.gz,,,Baikal Soil 5.6 1g Power Soil Pro kit + Evrogen,Terrestrial,28 (Baikal Terrestrial 2023),6/17/2023,,,5,"53.338656 N, 107.274729 E",Baikal Lake,soil,soil,,,,0.20,481.00,16.60,,,,,,35.8,,,,,14677,,,,,
14949,,14949_S246_L001_R1_001.fastq.gz,14949_S246_L001_R2_001.fastq.gz,,,Baikal Soil 5.9 1g Power Soil Pro kit + Evrogen,Terrestrial,28 (Baikal Terrestrial 2023),6/17/2023,,,5,"53.338592 N, 107.274646 E",Baikal Lake,soil,soil,,,,0.20,480.00,16.60,,,,,,29.6,,,,,14680,,,,,
14950,,14950_S247_L001_R1_001.fastq.gz,14950_S247_L001_R2_001.fastq.gz,,,Baikal Soil 5.10 1g Power Soil Pro kit + Evrogen,Terrestrial,28 (Baikal Terrestrial 2023),6/17/2023,,,5,"53.338638 N, 107.274591 E",Baikal Lake,soil,soil,,,,0.20,481.00,16.60,,,,,,9.5,,,,,14681,,,,,
14682,,14682_S191_L001_R1_001.fastq.gz,14682_S191_L001_R2_001.fastq.gz,,,Baikal Rhizosphere 5.1 1g Power Soil Pro kit,Terrestrial,28 (Baikal Terrestrial 2023),6/17/2023,,,5,"53.338639 N, 107.274778 E",Baikal Lake,soil,rhizosphere,Oxytropis triphylla,roots,,0.20,478.00,16.60,,,,,,516,,,,,14350,,,,,
14683,,14683_S192_L001_R1_001.fastq.gz,14683_S192_L001_R2_001.fastq.gz,,,Baikal Rhizosphere 5.2 1g Power Soil Pro kit,Terrestrial,28 (Baikal Terrestrial 2023),6/17/2023,,,5,"53.338662 N, 107.274773 E",Baikal Lake,soil,rhizosphere,Oxytropis triphylla,roots,,0.20,478.00,16.60,,,,,,368,,,,,14351,,,,,
14684,,14684_S193_L001_R1_001.fastq.gz,14684_S193_L001_R2_001.fastq.gz,,,Baikal Rhizosphere 5.3 1g Power Soil Pro kit,Terrestrial,28 (Baikal Terrestrial 2023),6/17/2023,,,5,"53.338716 N, 107.274833 E",Baikal Lake,soil,rhizosphere,Oxytropis triphylla,roots,,0.20,478.00,16.60,,,,,,472,,,,,14352,,,,,
14688,,14688_S194_L001_R1_001.fastq.gz,14688_S194_L001_R2_001.fastq.gz,,,Baikal Rhizosphere 5.7 1g Power Soil Pro kit,Terrestrial,28 (Baikal Terrestrial 2023),6/17/2023,,,5,"53.338769 N, 107.274761 E",Baikal Lake,soil,rhizosphere,Oxytropis triphylla,roots,,0.20,479.00,16.60,,,,,,466,,,,,14356,,,,,
14689,,14689_S195_L001_R1_001.fastq.gz,14689_S195_L001_R2_001.fastq.gz,,,Baikal Rhizosphere 5.8 1g Power Soil Pro kit,Terrestrial,28 (Baikal Terrestrial 2023),6/17/2023,,,5,"53.338681 N, 107.274872 E",Baikal Lake,soil,rhizosphere,Oxytropis triphylla,roots,,0.20,479.00,16.60,,,,,,460,,,,,14357,,,,,
14951,,14951_S248_L001_R1_001.fastq.gz,14951_S248_L001_R2_001.fastq.gz,,,Baikal Rhizosphere 5.4 1g Power Soil Pro kit + Evrogen,Terrestrial,28 (Baikal Terrestrial 2023),6/17/2023,,,5,"53.338701 N, 107.274868 E",Baikal Lake,soil,rhizosphere,Oxytropis triphylla,roots,,0.20,479.00,16.60,,,,,,8.84,,,,,14685,,,,,
14952,,14952_S249_L001_R1_001.fastq.gz,14952_S249_L001_R2_001.fastq.gz,,,Baikal Rhizosphere 5.5 1g Power Soil Pro kit + Evrogen,Terrestrial,28 (Baikal Terrestrial 2023),6/17/2023,,,5,"53.338653 N, 107.274974 E",Baikal Lake,soil,rhizosphere,Oxytropis triphylla,roots,,0.20,479.00,16.60,,,,,,13.7,,,,,14686,,,,,
14953,,14953_S250_L001_R1_001.fastq.gz,14953_S250_L001_R2_001.fastq.gz,,,Baikal Rhizosphere 5.6 1g Power Soil Pro kit + Evrogen,Terrestrial,28 (Baikal Terrestrial 2023),6/17/2023,,,5,"53.338705 N, 107.275 E",Baikal Lake,soil,rhizosphere,Oxytropis triphylla,roots,,0.20,478.00,16.60,,,,,,69.4,,,,,14687,,,,,
14954,,14954_S251_L001_R1_001.fastq.gz,14954_S251_L001_R2_001.fastq.gz,,,Baikal Rhizosphere 5.9 1g Power Soil Pro kit + Evrogen,Terrestrial,28 (Baikal Terrestrial 2023),6/17/2023,,,5,"53.338659 N, 107.27482 E",Baikal Lake,soil,rhizosphere,Oxytropis triphylla,roots,,0.20,480.00,16.60,,,,,,24,,,,,14690,,,,,
14955,,14955_S252_L001_R1_001.fastq.gz,14955_S252_L001_R2_001.fastq.gz,,,Baikal Rhizosphere 5.10 1g Power Soil Pro kit + Evrogen,Terrestrial,28 (Baikal Terrestrial 2023),6/17/2023,,,5,"53.338581 N, 107.274913 E",Baikal Lake,soil,rhizosphere,Oxytropis triphylla,roots,,0.20,481.00,16.60,,,,,,7.78,,,,,14691,,,,,
14692,,14692_S196_L001_R1_001.fastq.gz,14692_S196_L001_R2_001.fastq.gz,,,Baikal 6.1 1g Power Soil Pro kit,Terrestrial,28 (Baikal Terrestrial 2023),6/18/2023,,,6,"52.881153 N, 106.586915 E",Tazherany,soil,soil,,,,0.20,606.00,17.80,,,,,,392,,,,,14360,,,,,
14693,,14693_S197_L001_R1_001.fastq.gz,14693_S197_L001_R2_001.fastq.gz,,,Baikal 6.2 1g Power Soil Pro kit,Terrestrial,28 (Baikal Terrestrial 2023),6/18/2023,,,6,"52.881132 N, 106.586903 E",Tazherany,soil,soil,,,,0.20,606.00,17.80,,,,,,434,,,,,14361,,,,,
14698,,14698_S198_L001_R1_001.fastq.gz,14698_S198_L001_R2_001.fastq.gz,,,Baikal 6.7 1g Power Soil Pro kit,Terrestrial,28 (Baikal Terrestrial 2023),6/18/2023,,,6,"52.880916 N, 106.586625 E",Tazherany,soil,soil,,,,0.20,604.00,17.80,,,,,,576,,,,,14366,,,,,
14699,,14699_S199_L001_R1_001.fastq.gz,14699_S199_L001_R2_001.fastq.gz,,,Baikal 6.8 1g Power Soil Pro kit,Terrestrial,28 (Baikal Terrestrial 2023),6/18/2023,,,6,"52.880923 N, 106.586845 E",Tazherany,soil,soil,,,,0.20,605.00,17.80,,,,,,133,,,,,14367,,,,,
14956,,14956_S253_L001_R1_001.fastq.gz,14956_S253_L001_R2_001.fastq.gz,,,Baikal 6.3 1g Power Soil Pro kit + Evrogen,Terrestrial,28 (Baikal Terrestrial 2023),6/18/2023,,,6,"52.881081 N, 106.586761 E",Tazherany,soil,soil,,,,0.20,604.00,17.80,,,,,,70,,,,,14694,,,,,
14957,,14957_S254_L001_R1_001.fastq.gz,14957_S254_L001_R2_001.fastq.gz,,,Baikal 6.4 1g Power Soil Pro kit + Evrogen,Terrestrial,28 (Baikal Terrestrial 2023),6/18/2023,,,6,"52.881104 N, 106.586702 E",Tazherany,soil,soil,,,,0.20,603.00,17.80,,,,,,80.2,,,,,14695,,,,,
14958,,14958_S255_L001_R1_001.fastq.gz,14958_S255_L001_R2_001.fastq.gz,,,Baikal 6.5 1g Power Soil Pro kit + Evrogen,Terrestrial,28 (Baikal Terrestrial 2023),6/18/2023,,,6,"52.881024 N, 106.586743 E",Tazherany,soil,soil,,,,0.20,603.00,17.80,,,,,,139,,,,,14696,,,,,
14959,,14959_S256_L001_R1_001.fastq.gz,14959_S256_L001_R2_001.fastq.gz,,,Baikal 6.6 1g Power Soil Pro kit + Evrogen,Terrestrial,28 (Baikal Terrestrial 2023),6/18/2023,,,6,"52.880972 N, 106.586744 E",Tazherany,soil,soil,,,,0.20,605.00,17.80,,,,,,68.4,,,,,14697,,,,,
14960,,14960_S257_L001_R1_001.fastq.gz,14960_S257_L001_R2_001.fastq.gz,,,Baikal 6.9 1g Power Soil Pro kit + Evrogen,Terrestrial,28 (Baikal Terrestrial 2023),6/18/2023,,,6,"52.880948 N, 106.586882 E",Tazherany,soil,soil,,,,0.20,606.00,17.80,,,,,,50.4,,,,,14700,,,,,
14961,,14961_S258_L001_R1_001.fastq.gz,14961_S258_L001_R2_001.fastq.gz,,,Baikal 6.10 1g Power Soil Pro kit + Evrogen,Terrestrial,28 (Baikal Terrestrial 2023),6/18/2023,,,6,"52.881005 N, 106.586974 E",Tazherany,soil,soil,,,,0.20,606.00,17.80,,,,,,14.9,,,,,14701,,,,,
14702,,14702_S200_L001_R1_001.fastq.gz,14702_S200_L001_R2_001.fastq.gz,,,Baikal Rhizosphere 6.1.1 1g Power Soil Pro kit,Terrestrial,28 (Baikal Terrestrial 2023),6/18/2023,,,6,"52.881008 N, 106.586849 E",Tazherany,soil,rhizosphere,Oxytropis triphylla,roots,,0.20,605.00,17.80,,,,,,662,,,,,14370,,,,,
14703,,14703_S201_L001_R1_001.fastq.gz,14703_S201_L001_R2_001.fastq.gz,,,Baikal Rhizosphere 6.1.2 1g Power Soil Pro kit,Terrestrial,28 (Baikal Terrestrial 2023),6/18/2023,,,6,"52.880989 N, 106.586878 E",Tazherany,soil,rhizosphere,Oxytropis triphylla,roots,,0.20,605.00,17.80,,,,,,550,,,,,14371,,,,,
14709,,14709_S202_L001_R1_001.fastq.gz,14709_S202_L001_R2_001.fastq.gz,,,Baikal Rhizosphere 6.1.8 1g Power Soil Pro kit,Terrestrial,28 (Baikal Terrestrial 2023),6/18/2023,,,6,"52.881205 N, 106.586703 E",Tazherany,soil,rhizosphere,Oxytropis triphylla,roots,,0.20,604.00,17.80,,,,,,716,,,,,14377,,,,,
14962,,14962_S259_L001_R1_001.fastq.gz,14962_S259_L001_R2_001.fastq.gz,,,Baikal Rhizosphere 6.1.3 1g Power Soil Pro kit + Evrogen,Terrestrial,28 (Baikal Terrestrial 2023),6/18/2023,,,6,"52.880997 N, 106.586888 E",Tazherany,soil,rhizosphere,Oxytropis triphylla,roots,,0.20,605.00,17.80,,,,,,44.8,,,,,14704,,,,,
14963,,14963_S260_L001_R1_001.fastq.gz,14963_S260_L001_R2_001.fastq.gz,,,Baikal Rhizosphere 6.1.4 1g Power Soil Pro kit + Evrogen,Terrestrial,28 (Baikal Terrestrial 2023),6/18/2023,,,6,"52.881021 N, 106.586856 E",Tazherany,soil,rhizosphere,Oxytropis triphylla,roots,,0.20,604.00,17.80,,,,,,33.4,,,,,14705,,,,,
14964,,14964_S261_L001_R1_001.fastq.gz,14964_S261_L001_R2_001.fastq.gz,,,Baikal Rhizosphere 6.1.5 1g Power Soil Pro kit + Evrogen,Terrestrial,28 (Baikal Terrestrial 2023),6/18/2023,,,6,"52.880995 N, 106.586913 E",Tazherany,soil,rhizosphere,Oxytropis triphylla,roots,,0.20,606.00,17.80,,,,,,12.5,,,,,14706,,,,,
14965,,14965_S262_L001_R1_001.fastq.gz,14965_S262_L001_R2_001.fastq.gz,,,Baikal Rhizosphere 6.1.6 1g Power Soil Pro kit + Evrogen,Terrestrial,28 (Baikal Terrestrial 2023),6/18/2023,,,6,"52.881151 N, 106.586833 E",Tazherany,soil,rhizosphere,Oxytropis triphylla,roots,,0.20,606.00,17.80,,,,,,71.2,,,,,14707,,,,,
14966,,14966_S263_L001_R1_001.fastq.gz,14966_S263_L001_R2_001.fastq.gz,,,Baikal Rhizosphere 6.1.7 1g Power Soil Pro kit + Evrogen,Terrestrial,28 (Baikal Terrestrial 2023),6/18/2023,,,6,"52.881223 N, 106.586898 E",Tazherany,soil,rhizosphere,Oxytropis triphylla,roots,,0.20,605.00,17.80,,,,,,144,,,,,14708,,,,,
14967,,14967_S264_L001_R1_001.fastq.gz,14967_S264_L001_R2_001.fastq.gz,,,Baikal Rhizosphere 6.1.9 1g Power Soil Pro kit + Evrogen,Terrestrial,28 (Baikal Terrestrial 2023),6/18/2023,,,6,"52.881255 N, 106.586704 E",Tazherany,soil,rhizosphere,Oxytropis triphylla,roots,,0.20,602.00,17.80,,,,,,86.6,,,,,14710,,,,,
14968,,14968_S265_L001_R1_001.fastq.gz,14968_S265_L001_R2_001.fastq.gz,,,Baikal Rhizosphere 6.1.10 1g Power Soil Pro kit + Evrogen,Terrestrial,28 (Baikal Terrestrial 2023),6/18/2023,,,6,"52.881317 N, 106.586823 E",Tazherany,soil,rhizosphere,Oxytropis triphylla,roots,,0.20,603.00,17.80,,,,,,53.4,,,,,14711,,,,,
14712,,14712_S203_L001_R1_001.fastq.gz,14712_S203_L001_R2_001.fastq.gz,,,Baikal Rhizosphere 6.2.1 1g Power Soil Pro kit,Terrestrial,28 (Baikal Terrestrial 2023),6/18/2023,,,6,"52.880965 N, 106.586895 E",Tazherany,soil,rhizosphere,Oxytropis microphylla,roots,,0.20,607.00,22.60,,,,,,476,,,,,14380,,,,,
14713,,14713_S204_L001_R1_001.fastq.gz,14713_S204_L001_R2_001.fastq.gz,,,Baikal Rhizosphere 6.2.2 1g Power Soil Pro kit,Terrestrial,28 (Baikal Terrestrial 2023),6/18/2023,,,6,"52.880972 N, 106.586714 E",Tazherany,soil,rhizosphere,Oxytropis microphylla,roots,,0.20,605.00,22.60,,,,,,546,,,,,14381,,,,,
14717,,14717_S205_L001_R1_001.fastq.gz,14717_S205_L001_R2_001.fastq.gz,,,Baikal Rhizosphere 6.2.6 1g Power Soil Pro kit,Terrestrial,28 (Baikal Terrestrial 2023),6/18/2023,,,6,"52.881417 N, 106.58707 E",Tazherany,soil,rhizosphere,Oxytropis microphylla,roots,,0.20,602.00,22.60,,,,,,664,,,,,14385,,,,,
14718,,14718_S206_L001_R1_001.fastq.gz,14718_S206_L001_R2_001.fastq.gz,,,Baikal Rhizosphere 6.2.7 1g Power Soil Pro kit,Terrestrial,28 (Baikal Terrestrial 2023),6/18/2023,,,6,"52.881386 N, 106.586946 E",Tazherany,soil,rhizosphere,Oxytropis microphylla,roots,,0.20,600.00,22.60,,,,,,340,,,,,14386,,,,,
14719,,14719_S207_L001_R1_001.fastq.gz,14719_S207_L001_R2_001.fastq.gz,,,Baikal Rhizosphere 6.2.8 1g Power Soil Pro kit,Terrestrial,28 (Baikal Terrestrial 2023),6/18/2023,,,6,"52.881119 N, 106.586918 E",Tazherany,soil,rhizosphere,Oxytropis microphylla,roots,,0.20,605.00,22.60,,,,,,470,,,,,14387,,,,,
14720,,14720_S208_L001_R1_001.fastq.gz,14720_S208_L001_R2_001.fastq.gz,,,Baikal Rhizosphere 6.2.9 1g Power Soil Pro kit,Terrestrial,28 (Baikal Terrestrial 2023),6/18/2023,,,6,"52.881124 N, 106.586895 E",Tazherany,soil,rhizosphere,Oxytropis microphylla,roots,,0.20,604.00,22.60,,,,,,398,,,,,14388,,,,,
14721,,14721_S209_L001_R1_001.fastq.gz,14721_S209_L001_R2_001.fastq.gz,,,Baikal Rhizosphere 6.2.10 1g Power Soil Pro kit,Terrestrial,28 (Baikal Terrestrial 2023),6/18/2023,,,6,"52.881283 N, 106.586699 E",Tazherany,soil,rhizosphere,Oxytropis microphylla,roots,,0.20,602.00,22.60,,,,,,630,,,,,14389,,,,,
14969,,14969_S266_L001_R1_001.fastq.gz,14969_S266_L001_R2_001.fastq.gz,,,Baikal Rhizosphere 6.2.3 1g Power Soil Pro kit + Evrogen,Terrestrial,28 (Baikal Terrestrial 2023),6/18/2023,,,6,"52.880963 N, 106.58663 E",Tazherany,soil,rhizosphere,Oxytropis microphylla,roots,,0.20,604.00,22.60,,,,,,31.2,,,,,14714,,,,,
14970,,14970_S267_L001_R1_001.fastq.gz,14970_S267_L001_R2_001.fastq.gz,,,Baikal Rhizosphere 6.2.4 1g Power Soil Pro kit + Evrogen,Terrestrial,28 (Baikal Terrestrial 2023),6/18/2023,,,6,"52.880963 N, 106.586502 E",Tazherany,soil,rhizosphere,Oxytropis microphylla,roots,,0.20,602.00,22.60,,,,,,7,,,,,14715,,,,,
14971,,14971_S268_L001_R1_001.fastq.gz,14971_S268_L001_R2_001.fastq.gz,,,Baikal Rhizosphere 6.2.5 1g Power Soil Pro kit + Evrogen,Terrestrial,28 (Baikal Terrestrial 2023),6/18/2023,,,6,"52.881383 N, 106.58699 E",Tazherany,soil,rhizosphere,Oxytropis microphylla,roots,,0.20,601.00,22.60,,,,,,39.6,,,,,14716,,,,,
14722,,14722_S210_L001_R1_001.fastq.gz,14722_S210_L001_R2_001.fastq.gz,,,Control,Terrestrial,28 (Baikal Terrestrial 2023),6/20/2023,,,7,"52.2394021663715 N, 104.27121932968963 E",Siberian Institute of Plant Physiology and Biochemistry,laboratory control,laboratory water,,,,0,450,,,,,,,0.01,,,,,,,,,,
14731,,14731_S211_L001_R1_001.fastq.gz,14731_S211_L001_R2_001.fastq.gz,,,Astragalus olchonensis leaf Power Soil Pro kit,Terrestrial,28 (Baikal Terrestrial 2023),6/16/2023,,,1,"53.28365 N, 107.576797 E",Olkhon Island,plant,leaf,Astragalus olchonensis,leaf,,0.00,465.00,14.20,,,,,,418,,,,,14723,,,,,
14732,,14732_S212_L001_R1_001.fastq.gz,14732_S212_L001_R2_001.fastq.gz,,,Vicia olchonensis leaf Power Soil Pro kit,Terrestrial,28 (Baikal Terrestrial 2023),6/16/2023,,,2,"53.045185 N, 107.068597 E",Olkhon Island,plant,leaf,Vicia olchonensis,leaf,,0.00,502.00,22.30,,,,,,502,,,,,14724,,,,,
14733,,14733_S213_L001_R1_001.fastq.gz,14733_S213_L001_R2_001.fastq.gz,,,Hedysarum zundukii leaf Power Soil Pro kit,Terrestrial,28 (Baikal Terrestrial 2023),6/17/2023,,,3,"53.386333 N, 107.391398 E",Baikal Lake,plant,leaf,Hedysarum zundukii,leaf,,0.20,460.00,15.60,,,,,,2,,,,,14725,,,,,
14734,,14734_S214_L001_R1_001.fastq.gz,14734_S214_L001_R2_001.fastq.gz,,,Astragalus chorinensis leaf Power Soil Pro kit,Terrestrial,28 (Baikal Terrestrial 2023),6/17/2023,,,4,"53.396016 N, 107.411607 E",Baikal Lake,plant,leaf,Astragalus chorinensis,leaf,,0.20,494.00,15.00,,,,,,,,,,,14726,,,,,
14735,,14735_S215_L001_R1_001.fastq.gz,14735_S215_L001_R2_001.fastq.gz,,,Oxytropis triphylla leaf Power Soil Pro kit,Terrestrial,28 (Baikal Terrestrial 2023),6/17/2023,,,4,"53.396056 N, 107.411644 E",Baikal Lake,plant,leaf,Oxytropis triphylla,leaf,,0.20,494.00,15.00,,,,,,,,,,,14727,,,,,
14736,,14736_S216_L001_R1_001.fastq.gz,14736_S216_L001_R2_001.fastq.gz,,,Oxytropis muricata leaf Power Soil Pro kit,Terrestrial,28 (Baikal Terrestrial 2023),6/21/2023,,,5,"53.338639 N, 107.274778 E",Baikal Lake,plant,leaf,Oxytropis muricata,leaf,,0.00,480.00,16.60,,,,,,,,,,,14728,,,,,
14737,,14737_S217_L001_R1_001.fastq.gz,14737_S217_L001_R2_001.fastq.gz,,,Oxytropis triphylla leaf Power Soil Pro kit,Terrestrial,28 (Baikal Terrestrial 2023),6/17/2023,,,5,"53.338639 N, 107.274778 E",Baikal Lake,plant,leaf,Oxytropis triphylla,leaf,,0.20,478.00,16.60,,,,,,,,,,,14729,,,,,
14738,,14738_S218_L001_R1_001.fastq.gz,14738_S218_L001_R2_001.fastq.gz,,,Oxytropis microphylla leaf Power Soil Pro kit,Terrestrial,28 (Baikal Terrestrial 2023),6/18/2023,,,6,"52.880972 N, 106.586714 E",Tazherany,plant,leaf,Oxytropis microphylla,leaf,,0.20,605.00,22.60,,,,,,,,,,,14730,,,,,
